start,end,operator,buyer_optimal_fare,seller_optimal_fare
1.0,21.0,1.0,3.4855401802300574,0.0
23.0,4.0,3.0,1.0144598197699426,4.5
1.0,3.0,1.0,0.10337314302842787,2.5
7.0,13.0,7.0,3.275983937560053,5.672610794531625
11.0,12.0,9.0,3.3890884558038565,6.874628636033914
