origin,destination,path,path_flow,subsidy_per_person
1,3,"[1, 7, 13, 3]",4.654778410936749,0
1,3,"[1, 3]",995.3452215890633,0
1,4,"[1, 21, 11, 12, 4]",2.8507427279321713,0
1,4,"[1, 21, 23, 4]",197.14925727206784,0
